formula,method,epoch_start,epoch_end,epoch_seed_points,raw_score_mean,raw_score_std,reward_mean,reward_std,ppo_objective_mean,ppo_objective_std,zero_scores,mean_unique_WA
Zr,cosine,1,10,30,0.24326096666666666,0.041700212640131976,-0.2643761666666667,0.08112225374050508,0.1335891,0.11515736359010366,0,7.333333333333333
Zr,cosine,11,20,30,0.2518062,0.04052238628165918,-0.33779706666666665,0.055808193712592255,0.18875396666666666,0.08110079016815365,1,7.433333333333334
Zr,cosine,21,30,30,0.2459336,0.046584581466832996,-0.386272,0.05126654774997045,0.22127876666666665,0.12094656724484669,0,7.233333333333333
Zr,cosine,31,40,30,0.24488303333333333,0.033096171123443,-0.4148317,0.044344390179705935,0.2582409666666667,0.1415073407993341,0,7.033333333333333
Zr,cosine,41,50,30,0.22854683333333334,0.0433468526678184,-0.4341534,0.07210020097688125,0.2983732666666667,0.13512738088335596,2,7.133333333333334
Zr,cosine,51,60,30,0.24916996666666666,0.04332853395895391,-0.4219292333333333,0.047532385469756876,0.33459066666666665,0.1302320999974874,1,7.3
Zr,cosine,61,70,30,0.24203526666666667,0.0411237802185332,-0.43121306666666664,0.05428779157228221,0.36003983333333334,0.14137058600620883,2,7.233333333333333
Zr,cosine,71,80,30,0.254028,0.042539253415326106,-0.42282749999999997,0.05071253065252544,0.37445086666666666,0.1380784859285311,0,7.066666666666666
Zr,cosine,81,90,30,0.24727623333333335,0.04800143949902845,-0.431125,0.05169573577449755,0.37539436666666665,0.12321437713986771,1,7.433333333333334
Zr,cosine,91,100,30,0.2505536333333333,0.0411733432392718,-0.4278476,0.04674605830056691,0.3877662,0.12439327325258924,3,7.366666666666666
Zr,peak,1,10,30,0.4184000666666667,0.02409693770853236,-0.20755626666666666,0.10450387831461355,0.24591469999999999,0.09787423059047089,0,7.4
Zr,peak,11,20,30,0.42070456666666667,0.029223761298736953,-0.2943047,0.09902096272680515,0.3034711333333333,0.12245684347522418,0,7.433333333333334
Zr,peak,21,30,30,0.4127,0.02180410821687815,-0.3509217,0.04509292209881723,0.3621937,0.1656992692418306,0,7.2
Zr,peak,31,40,30,0.4173903666666667,0.0198720629921897,-0.34623123333333333,0.0404144154971823,0.43579186666666664,0.18055766929797126,0,7.066666666666666
Zr,peak,41,50,30,0.42109803333333334,0.020912657748332442,-0.3620971,0.05436755210929278,0.4631828,0.1657375910863113,2,7.266666666666667
Zr,peak,51,60,30,0.41945313333333334,0.021789123084287307,-0.3713917666666667,0.05773388928678622,0.4840121,0.18187652534367926,1,7.333333333333333
Zr,peak,61,70,30,0.4156933,0.02381151443055789,-0.3751516,0.058667242141647216,0.5099306333333333,0.18260576496914208,2,7.2
Zr,peak,71,80,30,0.423825,0.027402824207247937,-0.36925933333333333,0.05959605609117286,0.5142877333333333,0.16783209945516647,0,7.033333333333333
Zr,peak,81,90,30,0.42394956666666667,0.02856249900561146,-0.39936926666666667,0.08051417032379386,0.5059811,0.1462652700329895,1,7.433333333333334
Zr,peak,91,100,30,0.41044536666666664,0.02405583285537118,-0.4357934666666667,0.0992983574948862,0.5074419333333333,0.15527722089023732,3,7.4
NbS2,cosine,1,10,30,0.5535281666666667,0.04506208811264988,-0.20584453333333333,0.04764296065648687,6.3723347,0.29610638641150017,5,3.9
NbS2,cosine,11,20,30,0.5717906,0.04687154247131195,-0.2152794,0.05266715472259094,6.610865566666667,0.2640524813634193,2,4.266666666666667
NbS2,cosine,21,30,30,0.5614898666666667,0.0344963013811948,-0.23959343333333333,0.03725022800796735,6.715257266666667,0.2307298680162487,3,3.8666666666666667
NbS2,cosine,31,40,30,0.5734042333333333,0.0364576655777477,-0.2276791,0.0358507957869371,6.826009,0.23151331798077326,2,3.8333333333333335
NbS2,cosine,41,50,30,0.5657490000000001,0.0333173402069653,-0.2371637,0.03524229231869951,6.886598466666666,0.22267718321473548,3,4.3
NbS2,cosine,51,60,30,0.5705292333333334,0.05391779402552453,-0.23556226666666666,0.0533959789740347,6.958796633333334,0.2201095675395148,4,3.9
NbS2,cosine,61,70,30,0.5744889,0.04190223678146549,-0.23474166666666665,0.041050537399919894,7.022864966666667,0.20241946220780968,2,3.7666666666666666
NbS2,cosine,71,80,30,0.5746511666666667,0.038191908448503696,-0.23457936666666668,0.037967323489621375,7.0466883,0.18748276139548578,2,3.6333333333333333
NbS2,cosine,81,90,30,0.5750355,0.03487726818406702,-0.2344938,0.033777670727271884,7.076421033333333,0.19210684011620252,1,3.7666666666666666
NbS2,cosine,91,100,30,0.5684962666666666,0.04725074126186335,-0.24372273333333333,0.05314479186833729,7.109282633333334,0.18310939022043332,2,3.7
NbS2,peak,1,10,30,0.3588126,0.024868388112353944,-0.1718016,0.04108797654918853,2.336459533333333,3.0230343303018326,4,3.8333333333333335
NbS2,peak,11,20,30,0.364668,0.022247090415003338,-0.20643226666666667,0.033455061893962905,2.5906621333333333,3.007906559674372,1,4.233333333333333
NbS2,peak,21,30,30,0.3601035,0.022445575119608763,-0.2164136,0.03305850499100043,2.6739026,3.017264199792693,2,3.8666666666666667
NbS2,peak,31,40,30,0.36025446666666666,0.023566053856813245,-0.2205548,0.03196750224149519,2.7442831,3.05059553283459,2,3.8
NbS2,peak,41,50,30,0.3655850666666667,0.027330756913452332,-0.22198056666666666,0.032960256714901694,2.78445,3.054601004343917,2,4.066666666666666
NbS2,peak,51,60,30,0.3639717,0.028118773782119307,-0.2413889,0.03348852316874145,2.8097338666666665,3.09341829192501,3,3.9
NbS2,peak,61,70,30,0.3660512,0.02221665679529663,-0.2393094,0.024698247672793848,2.8487914,3.0815028112380665,1,3.8666666666666667
NbS2,peak,71,80,30,0.3648425,0.022546882050149042,-0.24051826666666667,0.024666478241983033,2.9012278333333335,3.1261743333660723,2,3.6666666666666665
NbS2,peak,81,90,30,0.36171576666666666,0.025838642627768887,-0.2436448,0.029290213425192613,2.9112316666666667,3.121950151145908,1,3.9
NbS2,peak,91,100,30,0.3618063,0.019863248311307667,-0.2435543,0.02236364061469718,2.9464045666666667,3.1440551888132804,2,3.7333333333333334
Li2TeC2,cosine,1,10,30,0.21641433333333335,0.0437805823109845,-0.2484859,0.07052185175785351,-0.1448074,0.23639336971590386,18,8
Li2TeC2,cosine,11,20,30,0.21346526666666665,0.032713096812472864,-0.35556146666666666,0.0768879167930971,-0.06882640000000001,0.31302935896936784,14,7.966666666666667
Li2TeC2,cosine,21,30,30,0.2024319,0.04282378381643391,-0.39774936666666666,0.05043108853242765,-0.0208624,0.3026384301692478,21,7.933333333333334
Li2TeC2,cosine,31,40,30,0.21704166666666666,0.04632620739806885,-0.38861286666666667,0.04788557530873874,0.09741913333333332,0.32877475010790524,15,8
Li2TeC2,cosine,41,50,30,0.19749083333333334,0.04580804405347991,-0.42553230000000003,0.05749377811505636,0.13721213333333335,0.2996406294479809,22,8
Li2TeC2,cosine,51,60,30,0.2420069,0.05587740001726995,-0.3933731,0.0708510322961023,0.22558206666666666,0.3061571069681854,13,8
Li2TeC2,cosine,61,70,30,0.21095063333333333,0.05168917292656386,-0.4249212,0.05549306850433364,0.24673223333333333,0.3206301833034109,18,8
Li2TeC2,cosine,71,80,30,0.21315443333333334,0.054983061019847033,-0.4227172,0.0659153900311604,0.30162706666666667,0.3215900704897394,10,7.933333333333334
Li2TeC2,cosine,81,90,30,0.2181933,0.040488772147473186,-0.41767873333333333,0.054680279604828484,0.3251886666666667,0.32855601546842644,13,8
Li2TeC2,cosine,91,100,30,0.1988076,0.051088026031285774,-0.4370642,0.05338264110513829,0.33982206666666664,0.3289946617590153,21,7.933333333333334
Li2TeC2,peak,1,10,30,0.30366963333333336,0.05057719572988294,-0.2755822666666667,0.05303036570175829,-1.3012278,2.287828835478715,39,8
Li2TeC2,peak,11,20,30,0.31388523333333335,0.04993398000005163,-0.32004533333333335,0.056765259102925104,-1.1513011666666666,2.1894221299984626,31,7.933333333333334
Li2TeC2,peak,21,30,30,0.3015925,0.06007734041869142,-0.39782843333333334,0.08105914742239494,-1.0998337333333335,2.098747566664159,40,7.933333333333334
Li2TeC2,peak,31,40,30,0.31460316666666666,0.05985744182755298,-0.3865506,0.08758549386650737,-0.9645286333333334,2.0555450672532656,34,8
Li2TeC2,peak,41,50,30,0.28629876666666665,0.05909495362701361,-0.4304496666666667,0.06275955730528662,-0.901493,1.9673169075084302,50,8
Li2TeC2,peak,51,60,30,0.3347866,0.05711101875213457,-0.38196193333333334,0.056696548352866145,-0.7989775666666666,1.9094558684610072,23,8
Li2TeC2,peak,61,70,30,0.30596253333333334,0.06444826829519075,-0.4140537,0.08289663918927392,-0.7437528,1.8743350731375006,33,8
Li2TeC2,peak,71,80,30,0.3084247333333333,0.05880585893085446,-0.4158606,0.0659293577928174,-0.6689888666666667,1.7964131156050331,37,7.966666666666667
Li2TeC2,peak,81,90,30,0.3167315666666667,0.05329643030678092,-0.4320993,0.05906615124934077,-0.6282030333333333,1.7532587662275922,35,8
Li2TeC2,peak,91,100,30,0.2963904333333333,0.06138105580860343,-0.4546933,0.05525854558838237,-0.6077930666666667,1.7293802690684108,38,7.933333333333334
NaNiH3,cosine,1,10,30,0.21533953333333333,0.00831238658362059,-0.0573788,0.015934313591324436,1.7205392333333334,0.5170684187338386,0,7.166666666666667
NaNiH3,cosine,11,20,30,0.21658376666666668,0.009601414314857762,-0.0625376,0.014104607428307485,1.8894299333333333,0.4354340363869085,0,7.1
NaNiH3,cosine,21,30,30,0.2106428,0.012160990369209243,-0.07624173333333334,0.021239032752510698,1.9767809,0.39536814850047036,0,6.966666666666667
NaNiH3,cosine,31,40,30,0.214463,0.010727155590680442,-0.07631093333333333,0.013272791178279807,2.0366686,0.3644139557340068,0,7.033333333333333
NaNiH3,cosine,41,50,30,0.21615586666666667,0.009819538525251015,-0.07511273333333333,0.014946377993644108,2.073307633333333,0.33941733946991015,0,6.966666666666667
NaNiH3,cosine,51,60,30,0.21165803333333333,0.011879659833747579,-0.07998383333333334,0.01178439049783889,2.1035969666666667,0.32518352158112024,0,7.066666666666666
NaNiH3,cosine,61,70,30,0.2167294,0.008586209406561976,-0.07507256666666667,0.015638989973105324,2.1400517,0.3018385718724663,0,7.1
NaNiH3,cosine,71,80,30,0.21650786666666666,0.00993993625644663,-0.084522,0.0143770746282638,2.132906833333333,0.34436490265967223,0,7.166666666666667
NaNiH3,cosine,81,90,30,0.21630263333333333,0.00960606547442234,-0.08590746666666667,0.014256395843581534,2.1528797666666666,0.33900239775294444,0,6.966666666666667
NaNiH3,cosine,91,100,30,0.2141172,0.009634025217598992,-0.0896646,0.011317429471394995,2.183140566666667,0.30495318870406796,0,7.033333333333333
NaNiH3,peak,1,10,30,0.43249196666666667,0.04080661295875407,-0.2191008,0.06859487298012877,0.15026746666666665,0.11041975228274252,0,7.166666666666667
NaNiH3,peak,11,20,30,0.42489746666666667,0.03621915282897833,-0.32524723333333333,0.05052543453791917,0.09949603333333333,0.09070875753475453,0,7.066666666666666
NaNiH3,peak,21,30,30,0.4421692,0.040617715923309455,-0.3085505666666667,0.042966976452994944,0.17290523333333332,0.07256558964306399,0,6.966666666666667
NaNiH3,peak,31,40,30,0.43194476666666665,0.04312404828142749,-0.3189187,0.04862723333698926,0.17275726666666666,0.09078311413727898,0,7.1
NaNiH3,peak,41,50,30,0.4397732,0.0455341206506359,-0.31295576666666663,0.05009221527521905,0.20494976666666667,0.08276487623772269,0,7.066666666666666
NaNiH3,peak,51,60,30,0.4263656,0.05285506279351739,-0.3437673333333333,0.05291835053824797,0.19549363333333333,0.06743321723872854,0,7.033333333333333
NaNiH3,peak,61,70,30,0.4353742666666667,0.06023859814489562,-0.3348330666666667,0.060200786041342984,0.22637243333333334,0.08092512525937513,0,7.033333333333333
NaNiH3,peak,71,80,30,0.428288,0.04105780785591619,-0.34193323333333336,0.041030144787041097,0.22204826666666666,0.0904891594766774,0,7.2
NaNiH3,peak,81,90,30,0.4203154,0.05236460057367,-0.3499057666666667,0.05238009959751467,0.23559243333333332,0.09257080698279321,0,7
NaNiH3,peak,91,100,30,0.446815,0.04648200358346585,-0.3234061,0.046429822432965076,0.26381963333333336,0.08115306235153559,0,7.1
