run_id,formula,method,seed,epochs,training_candidates,cifs_written,zero_scores,raw_score_first20,raw_score_last20,raw_score_last_minus_first20,raw_score_slope,reward_first20,reward_last20,reward_last_minus_first20,reward_slope,objective_first20,objective_last20,objective_last_minus_first20,objective_slope,best_raw_epoch,best_raw_score,best_reward_epoch,best_reward_mean,mean_attempts,mean_unique_WA,elapsed_seconds,min_available_gib,min_swap_free_gib
case_02_Zr_cosine_seed9511,Zr,cosine,9511,100,800,799,1,0.2480333,0.2464174,-0.0016159000000000034,4.3091611161116315e-05,-0.2531429,-0.41213635,-0.15899344999999998,-0.001768440510051006,0.11995645,0.3263686,0.20641215000000002,0.0027073381698169818,48,0.365208,1,-0.070436,8,7.22,0.0,3.1704063415527344,7.999256134033203
case_02_Zr_peak_seed9511,Zr,peak,9511,100,800,799,1,0.4141729,0.4159416,0.001768700000000012,1.9970597059709667e-05,-0.1456984,-0.29913495,-0.15343655,-0.001531303402340234,0.20162739999999998,0.33882615,0.13719875,0.0019626554695469545,94,0.461903,1,-0.097771,8,7.23,0.0,3.3116912841796875,7.999256134033203
case_02_Zr_cosine_seed9512,Zr,cosine,9512,100,800,798,3,0.2511944,0.24166145,-0.009532949999999984,-6.602534653465238e-05,-0.322944,-0.4159149,-0.09297089999999997,-0.0010155164956495656,0.2788857,0.5400959,0.26121019999999995,0.003267372799279929,57,0.34688,1,-0.176891,8,7.24,0.0,3.3013877868652344,7.999011993408203
case_02_Zr_peak_seed9512,Zr,peak,9512,100,800,798,3,0.4206659,0.42479295,0.004127050000000021,4.126876687668859e-05,-0.2938885,-0.47398505,-0.18009655000000002,-0.0021842265646564657,0.2154006,0.4974303,0.2820297,0.0033999889828982915,13,0.497127,1,-0.054841,8,7.27,0.0,3.2999649047851562,7.999011993408203
case_02_Zr_cosine_seed9513,Zr,cosine,9513,100,800,794,6,0.24337305,0.25866595,0.01529289999999997,0.00016252562256225542,-0.32717295,-0.46040765,-0.13323469999999998,-0.0015401529252925298,0.08467245,0.27827635,0.1936039,0.0025287992259225922,82,0.372823,1,-0.138279,8,7.31,0.0,3.3168983459472656,7.999011993408203
case_02_Zr_peak_seed9513,Zr,peak,9513,100,800,795,5,0.42381815,0.41085784999999997,-0.012960300000000036,-7.018211821182051e-05,-0.31320455,-0.4796241,-0.16641954999999997,-0.0017429170837083734,0.40705075,0.6838781,0.27682735,0.003332101332133214,75,0.50226,1,-0.128446,8,7.33,0.0,3.296558380126953,7.999011993408203
case_03_NbS2_cosine_seed9521,NbS2,cosine,9521,100,800,793,7,0.56421325,0.58424305,0.020029799999999987,0.00018420787878787955,-0.21330975,-0.2182296,-0.004919850000000003,-0.00013761084908490845,6.345309,7.1046526,0.7593435999999993,0.009280762448244833,56,0.657649,56,-0.13436,8,3.89,0.0,3.2688522338867188,7.999011993408203
case_03_NbS2_peak_seed9521,NbS2,peak,9521,100,800,794,6,0.3599048,0.3625084,0.0026035999999999837,4.5673261326133206e-05,-0.1586937,-0.2605948,-0.10190110000000002,-0.001383464332433244,-0.1522629,-0.0641975,0.0880654,0.000978002916291629,45,0.414646,1,-0.070772,8,3.93,0.0,3.258014678955078,7.999011993408203
case_03_NbS2_cosine_seed9522,NbS2,cosine,9522,100,800,792,8,0.5570181,0.5634087,0.006390600000000024,0.00012645865586558848,-0.21969215,-0.26428135,-0.04458920000000002,-0.0004618622562256228,6.27060425,6.88955205,0.6189477999999999,0.007668335451545163,9,0.656015,9,-0.098169,8,3.94,0.0,3.2240829467773438,7.998767852783203
case_03_NbS2_peak_seed9522,NbS2,peak,9522,100,800,793,7,0.37139655,0.36065695,-0.010739600000000016,-0.00011341890789078908,-0.19597755,-0.23260715,-0.03662960000000001,-0.00042002875487548756,6.682609,7.2537199999999995,0.5711109999999993,0.007032754155415574,13,0.434059,1,-0.082016,8,3.93,0.0,3.2249526977539062,7.998767852783203
case_03_NbS2_cosine_seed9523,NbS2,cosine,9523,100,800,789,11,0.5667468,0.5676459,0.0008991000000000415,0.0001057856225622564,-0.198684,-0.23481385,-0.03612984999999999,-0.0002677772277227729,6.85888715,7.28435085,0.4254636999999999,0.005297478007800766,58,0.669358,58,-0.128171,8,3.85,0.0,3.4951744079589844,7.998523712158203
case_03_NbS2_peak_seed9523,NbS2,peak,9523,100,800,793,7,0.35391955,0.36211775,0.008198199999999989,0.00015573347134713571,-0.21267955,-0.2375967,-0.02491715,-0.00020989762976297664,0.8603364,1.59693185,0.73659545,0.008777494467446745,86,0.411958,1,-0.13989,8,3.8,0.0,3.4048194885253906,7.998523712158203
case_07_Li2TeC2_cosine_seed9531,Li2TeC2,cosine,9531,100,800,746,59,0.21676109999999998,0.1988992,-0.017861899999999986,-0.00011494888688868823,-0.24635135,-0.4166921,-0.17034075,-0.0018390123372337241,0.0781505,0.44486405,0.36671355,0.005033446444644466,74,0.376541,10,-0.150338,8,7.99,0.0,3.3603172302246094,7.998279571533203
case_07_Li2TeC2_peak_seed9531,Li2TeC2,peak,9531,100,800,751,125,0.32218185,0.27937565,-0.042806200000000016,-0.0004038711731173109,-0.26728715000000003,-0.45230634999999997,-0.18501919999999994,-0.0021204831863186322,0.69358065,0.9401978,0.24661714999999995,0.003317983636363636,40,0.441027,12,-0.190536,8,7.99,0.0,3.3360595703125,8.0
case_07_Li2TeC2_cosine_seed9532,Li2TeC2,cosine,9532,100,800,753,50,0.2165384,0.21564195,-0.0008964499999999931,6.809558955895541e-05,-0.32285335,-0.39833365,-0.0754803,-0.0007511065886588661,-0.47528565,-0.10753765,0.367748,0.004729184200420042,65,0.327892,1,-0.163889,8,7.96,0.0,3.2847518920898438,7.999500274658203
case_07_Li2TeC2_peak_seed9532,Li2TeC2,peak,9532,100,800,749,120,0.30524215,0.3240435,0.018801349999999994,0.00026957932193219346,-0.31577,-0.4488655,-0.13309549999999998,-0.0012220263546354631,-4.36362895,-3.0462274,1.31740155,0.016608198115811594,89,0.443429,2,-0.209938,8,7.96,0.0,3.2651519775390625,8.0
case_07_Li2TeC2_cosine_seed9533,Li2TeC2,cosine,9533,100,800,748,56,0.2115199,0.21096020000000001,-0.0005596999999999963,-3.355271527151528e-06,-0.33686635,-0.46708865,-0.1302223,-0.001652464824482449,0.07668445,0.6601897,0.58350525,0.007104837779777979,94,0.33188,3,-0.159869,8,7.98,0.0,3.2192649841308594,7.999011993408203
case_07_Li2TeC2_peak_seed9533,Li2TeC2,peak,9533,100,800,756,115,0.2989083,0.31626385,0.017355549999999997,0.00015944998499850183,-0.31038425,-0.42901705,-0.11863280000000004,-0.0012493367836783678,-0.00874515,0.25203545,0.2607806,0.0034241461446144618,68,0.438104,3,-0.194334,8,7.98,0.0,3.2142715454101562,7.999011993408203
case_08_NaNiH3_cosine_seed9541,NaNiH3,cosine,9541,100,800,800,0,0.2151653,0.2136336,-0.001531699999999997,-1.7818421842184938e-06,-0.0693796,-0.09575905,-0.02637945,-0.0002592779357935792,2.141685,2.3771438,0.23545879999999997,0.002655292415241531,40,0.240088,1,-0.044447,8,7.11,0.0,3.2762374877929688,7.999256134033203
case_08_NaNiH3_peak_seed9541,NaNiH3,peak,9541,100,800,800,0,0.43168355,0.4336293,0.0019457499999999683,-7.013469546954743e-05,-0.30488565,-0.33595335,-0.031067699999999976,-0.00045089824782478297,0.05371305,0.2777069,0.22399385,0.002606189486948696,6,0.54929,1,-0.126616,8,7.11,0.0,3.1992263793945312,7.999011993408203
case_08_NaNiH3_cosine_seed9542,NaNiH3,cosine,9542,100,800,800,0,0.21766915,0.21662685,-0.001042299999999996,2.39403540354016e-06,-0.04590055,-0.0909751,-0.045074550000000005,-0.0005393157995799582,1.1367076,1.7271626,0.590455,0.0070374869486948734,78,0.242685,16,-0.029525,8,7.13,0.0,3.5040512084960938,8.0
case_08_NaNiH3_peak_seed9542,NaNiH3,peak,9542,100,800,800,0,0.41570345,0.4310454,0.015341950000000049,6.318384638463936e-05,-0.28061665,-0.338854,-0.058237349999999966,-0.000757509618961897,0.07443835,0.1559827,0.08154435,0.0008894842784278431,52,0.555345,6,-0.165838,8,7.1,0.0,3.082355499267578,7.998279571533203
case_08_NaNiH3_cosine_seed9543,NaNiH3,cosine,9543,100,800,800,0,0.2150505,0.2153693,0.00031880000000000797,3.918074407440651e-05,-0.06459445,-0.07662395,-0.012029499999999999,-0.00010134256225622561,2.13656115,2.3997241,0.2631629499999999,0.0032621982178217736,17,0.233763,1,-0.027243,8,6.93,1088.638277439,3.312763214111328,7.7020111083984375
case_08_NaNiH3_peak_seed9543,NaNiH3,peak,9543,100,800,800,0,0.43869715,0.4360209,-0.002676249999999991,1.5538553855422298e-07,-0.23101975,-0.33516045,-0.1041407,-0.0013450501770177028,0.24649385,0.3154285,0.06893465000000001,0.0007354417401740172,66,0.578442,5,-0.146417,8,7.01,1078.2571512900004,3.3487777709960938,7.5972747802734375
